Date,Year,Month,avg_max_temp,avg_min_temp
1/1/1900,1900,1,26.6,18.5
1/2/1900,1900,2,25.9,19.2
1/3/1900,1900,3,24.9,17.8
1/4/1900,1900,4,20.6,13.7
1/5/1900,1900,5,17.3,10.9
1/6/1900,1900,6,15.8,10.8
1/7/1900,1900,7,13.9,7.4
1/8/1900,1900,8,16.1,8
1/9/1900,1900,9,18.1,9.9
1/10/1900,1900,10,23.7,12.7
1/11/1900,1900,11,23.1,15.6
1/12/1900,1900,12,25.2,17.5
1/1/1901,1901,1,25.3,17.1
1/2/1901,1901,2,25.2,18.3
1/3/1901,1901,3,24.3,17.1
1/4/1901,1901,4,21.8,14.9
1/5/1901,1901,5,18.8,11.1
1/6/1901,1901,6,14.3,7.1
1/7/1901,1901,7,13.4,6.9
1/8/1901,1901,8,15.8,8.2
1/9/1901,1901,9,21.1,12.2
1/10/1901,1901,10,21.7,13.5
1/11/1901,1901,11,24.6,15.6
1/12/1901,1901,12,25.3,16.8
1/1/1902,1902,1,25.6,17.9
1/2/1902,1902,2,26.2,18.3
1/3/1902,1902,3,23.8,16.6
1/4/1902,1902,4,21,13.9
1/5/1902,1902,5,18.2,10.8
1/6/1902,1902,6,16.2,9.2
1/7/1902,1902,7,15.2,7.8
1/8/1902,1902,8,15.2,8.3
1/9/1902,1902,9,18.9,11.2
1/10/1902,1902,10,21,14.1
1/11/1902,1902,11,24.7,17.3
1/12/1902,1902,12,25.7,18.3
1/1/1903,1903,1,25.2,18.1
1/2/1903,1903,2,27.2,18.8
1/3/1903,1903,3,25.9,19.3
1/4/1903,1903,4,22.1,14.9
1/5/1903,1903,5,17.7,11.4
1/6/1903,1903,6,15.4,8.7
1/7/1903,1903,7,14,7.9
1/8/1903,1903,8,15.7,8.6
1/9/1903,1903,9,19.6,11.6
1/10/1903,1903,10,19.2,13
1/11/1903,1903,11,22,14.9
1/12/1903,1903,12,24.2,17.4
1/1/1904,1904,1,25.2,18.1
1/2/1904,1904,2,24.5,17.4
1/3/1904,1904,3,22.6,16.4
1/4/1904,1904,4,20.9,15.1
1/5/1904,1904,5,18.5,12.2
1/6/1904,1904,6,15,6.9
1/7/1904,1904,7,14.5,8.6
1/8/1904,1904,8,16.8,8.4
1/9/1904,1904,9,18.9,9.4
1/10/1904,1904,10,21.9,13.3
1/11/1904,1904,11,25.8,16.6
1/12/1904,1904,12,26.6,18
1/1/1905,1905,1,26.2,18.9
1/2/1905,1905,2,25.2,18.3
1/3/1905,1905,3,24.2,17.7
1/4/1905,1905,4,22,15.7
1/5/1905,1905,5,18.8,11.9
1/6/1905,1905,6,16.2,8.8
1/7/1905,1905,7,15,6.9
1/8/1905,1905,8,16.9,8
1/9/1905,1905,9,18,8.5
1/10/1905,1905,10,19.6,10.5
1/11/1905,1905,11,24.8,14.9
1/12/1905,1905,12,23.5,16.5
1/1/1906,1906,1,25.5,17.9
1/2/1906,1906,2,25.9,19.2
1/3/1906,1906,3,23.7,16.5
1/4/1906,1906,4,24.3,15.4
1/5/1906,1906,5,19.5,12.2
1/6/1906,1906,6,16.9,9.7
1/7/1906,1906,7,16.6,7.8
1/8/1906,1906,8,16.5,8.6
1/9/1906,1906,9,18.1,10.8
1/10/1906,1906,10,23.1,13.6
1/11/1906,1906,11,23.1,14.1
1/12/1906,1906,12,24.9,16.7
1/1/1907,1907,1,25.8,18.3
1/2/1907,1907,2,25,17.6
1/3/1907,1907,3,23.5,16.2
1/4/1907,1907,4,22.2,13.9
1/5/1907,1907,5,18.6,11
1/6/1907,1907,6,14.9,9.4
1/7/1907,1907,7,15.4,7
1/8/1907,1907,8,18.5,8.6
1/9/1907,1907,9,21.8,11
1/10/1907,1907,10,22.7,14.2
1/11/1907,1907,11,22.7,15.7
1/12/1907,1907,12,25.9,17.2
1/1/1908,1908,1,27.5,19
1/2/1908,1908,2,25.4,18.8
1/3/1908,1908,3,24.9,17.2
1/4/1908,1908,4,21.8,14.2
1/5/1908,1908,5,19.3,11.7
1/6/1908,1908,6,14.4,7
1/7/1908,1908,7,14.5,6.9
1/8/1908,1908,8,16.2,8.2
1/9/1908,1908,9,18.6,9.9
1/10/1908,1908,10,21.4,12
1/11/1908,1908,11,24.3,15.8
1/12/1908,1908,12,26.8,17.8
1/1/1909,1909,1,26.5,18
1/2/1909,1909,2,24.1,16.6
1/3/1909,1909,3,24.7,17
1/4/1909,1909,4,21.5,13
1/5/1909,1909,5,18.7,10.6
1/6/1909,1909,6,16.4,9.3
1/7/1909,1909,7,14.4,6.6
1/8/1909,1909,8,16.5,8.1
1/9/1909,1909,9,17.8,10.1
1/10/1909,1909,10,22.3,13.8
1/11/1909,1909,11,23.9,15.1
1/12/1909,1909,12,26,16.3
1/1/1910,1910,1,25.9,17.9
1/2/1910,1910,2,26.1,17.9
1/3/1910,1910,3,23.2,17
1/4/1910,1910,4,22.2,14.4
1/5/1910,1910,5,19.5,11.7
1/6/1910,1910,6,16.2,9.6
1/7/1910,1910,7,15.3,8.2
1/8/1910,1910,8,18.6,9.5
1/9/1910,1910,9,19.6,12.1
1/10/1910,1910,10,21.4,12.4
1/11/1910,1910,11,23,14.5
1/12/1910,1910,12,25.5,16.9
1/1/1911,1911,1,24.5,18.2
1/2/1911,1911,2,25.4,18.4
1/3/1911,1911,3,24.1,16.5
1/4/1911,1911,4,21.3,13
1/5/1911,1911,5,19,11.4
1/6/1911,1911,6,15.4,7.8
1/7/1911,1911,7,15.1,8.3
1/8/1911,1911,8,17,9
1/9/1911,1911,9,20.3,11.5
1/10/1911,1911,10,21.5,13.2
1/11/1911,1911,11,24.9,15.9
1/12/1911,1911,12,27.6,18
1/1/1912,1912,1,25.9,17.7
1/2/1912,1912,2,25.5,19
1/3/1912,1912,3,24.2,17.4
1/4/1912,1912,4,21.5,13.8
1/5/1912,1912,5,17.8,10.4
1/6/1912,1912,6,16.1,9
1/7/1912,1912,7,14.7,8.4
1/8/1912,1912,8,17,8.9
1/9/1912,1912,9,21,11.6
1/10/1912,1912,10,23.2,13.4
1/11/1912,1912,11,24.4,15.9
1/12/1912,1912,12,25.1,17.4
1/1/1913,1913,1,26.8,18.8
1/2/1913,1913,2,26.9,19.2
1/3/1913,1913,3,25.3,16.6
1/4/1913,1913,4,21.7,15.2
1/5/1913,1913,5,17.3,11.3
1/6/1913,1913,6,15.1,8.9
1/7/1913,1913,7,15.8,8.6
1/8/1913,1913,8,17.5,8.8
1/9/1913,1913,9,19.9,11
1/10/1913,1913,10,23,14.6
1/11/1913,1913,11,24.1,15.1
1/12/1913,1913,12,25.3,17.2
1/1/1914,1914,1,27.2,18.4
1/2/1914,1914,2,25.5,19.2
1/3/1914,1914,3,24.6,18.4
1/4/1914,1914,4,24.2,16
1/5/1914,1914,5,19,12.6
1/6/1914,1914,6,16.8,9.4
1/7/1914,1914,7,14.6,8.6
1/8/1914,1914,8,18.2,10
1/9/1914,1914,9,19.4,11.5
1/10/1914,1914,10,23,14.1
1/11/1914,1914,11,25.4,18.5
1/12/1914,1914,12,26.5,18.8
1/1/1915,1915,1,26.7,18.2
1/2/1915,1915,2,27.6,19.8
1/3/1915,1915,3,25.9,18.4
1/4/1915,1915,4,21.2,14.6
1/5/1915,1915,5,17.9,11
1/6/1915,1915,6,16.8,8.9
1/7/1915,1915,7,16.1,8.6
1/8/1915,1915,8,17.2,9.2
1/9/1915,1915,9,21.5,11.5
1/10/1915,1915,10,22.4,13.1
1/11/1915,1915,11,26,14.7
1/12/1915,1915,12,23,16.5
1/1/1916,1916,1,27.1,19.1
1/2/1916,1916,2,26.2,18.6
1/3/1916,1916,3,23.8,16.9
1/4/1916,1916,4,22,14.2
1/5/1916,1916,5,19.3,11.3
1/6/1916,1916,6,16.1,10.5
1/7/1916,1916,7,15.4,8.3
1/8/1916,1916,8,17,9.2
1/9/1916,1916,9,19.7,11.7
1/10/1916,1916,10,20.2,13.4
1/11/1916,1916,11,21.9,14.2
1/12/1916,1916,12,24.5,16.9
1/1/1917,1917,1,27.4,19.5
1/2/1917,1917,2,24.8,17.5
1/3/1917,1917,3,25.1,16.7
1/4/1917,1917,4,20.1,12.6
1/5/1917,1917,5,17.4,10
1/6/1917,1917,6,15.8,9.4
1/7/1917,1917,7,15.7,8.7
1/8/1917,1917,8,16.7,8.2
1/9/1917,1917,9,20.1,11.5
1/10/1917,1917,10,21.3,13.5
1/11/1917,1917,11,22,15
1/12/1917,1917,12,25.2,17.5
1/1/1918,1918,1,24.5,18.2
1/2/1918,1918,2,24.8,17.5
1/3/1918,1918,3,24.2,16
1/4/1918,1918,4,21.8,13.5
1/5/1918,1918,5,21,11.4
1/6/1918,1918,6,18.4,8.1
1/7/1918,1918,7,16.4,6.9
1/8/1918,1918,8,18.6,9.3
1/9/1918,1918,9,20.1,10.2
1/10/1918,1918,10,22.2,11.9
1/11/1918,1918,11,22.9,15.3
1/12/1918,1918,12,26.6,16.6
1/1/1919,1919,1,26.8,18.6
1/2/1919,1919,2,27.3,19.1
1/3/1919,1919,3,25.5,17.2
1/4/1919,1919,4,23.7,14.7
1/5/1919,1919,5,20.3,13.8
1/6/1919,1919,6,18.7,9.6
1/7/1919,1919,7,17.6,7.6
1/8/1919,1919,8,18.6,8.2
1/9/1919,1919,9,22.1,10.6
1/10/1919,1919,10,22.1,13.1
1/11/1919,1919,11,23.3,15.9
1/12/1919,1919,12,25.4,18
1/1/1920,1920,1,24.5,17.4
1/2/1920,1920,2,25.6,17.6
1/3/1920,1920,3,24,15.4
1/4/1920,1920,4,21.5,13.3
1/5/1920,1920,5,20.4,9.8
1/6/1920,1920,6,18.5,8.9
1/7/1920,1920,7,16.5,8.4
1/8/1920,1920,8,17.5,7.8
1/9/1920,1920,9,19.4,10.8
1/10/1920,1920,10,21.9,13.3
1/11/1920,1920,11,25.3,16
1/12/1920,1920,12,25.1,17.6
1/1/1921,1921,1,25,17.8
1/2/1921,1921,2,26,18.4
1/3/1921,1921,3,25,17.1
1/4/1921,1921,4,23.1,14.8
1/5/1921,1921,5,20.1,12.9
1/6/1921,1921,6,19,9.4
1/7/1921,1921,7,18.5,9.7
1/8/1921,1921,8,18.2,7.3
1/9/1921,1921,9,22,11.5
1/10/1921,1921,10,21.1,11.9
1/11/1921,1921,11,24.9,16.5
1/12/1921,1921,12,24.1,17.4
1/1/1922,1922,1,26,17.4
1/2/1922,1922,2,25.7,18.6
1/3/1922,1922,3,26.2,15.9
1/4/1922,1922,4,25.6,15.6
1/5/1922,1922,5,19.5,11.8
1/6/1922,1922,6,17.7,8.8
1/7/1922,1922,7,16.6,8.1
1/8/1922,1922,8,17.7,8.2
1/9/1922,1922,9,19.5,11.2
1/10/1922,1922,10,23.5,13.6
1/11/1922,1922,11,25.4,15.3
1/12/1922,1922,12,27,18.1
1/1/1923,1923,1,26.6,17.8
1/2/1923,1923,2,26.6,18.4
1/3/1923,1923,3,26.6,18
1/4/1923,1923,4,21.7,14.8
1/5/1923,1923,5,21.7,12.4
1/6/1923,1923,6,18.3,10
1/7/1923,1923,7,16.3,8.2
1/8/1923,1923,8,17.4,8.7
1/9/1923,1923,9,21.3,10.5
1/10/1923,1923,10,22,12.9
1/11/1923,1923,11,23.6,13.5
1/12/1923,1923,12,26.6,17.9
1/1/1924,1924,1,26.8,18
1/2/1924,1924,2,27.2,18.5
1/3/1924,1924,3,24.6,17
1/4/1924,1924,4,21.8,13.6
1/5/1924,1924,5,19.8,10.7
1/6/1924,1924,6,16.8,8.6
1/7/1924,1924,7,17.6,8.1
1/8/1924,1924,8,18.2,8.5
1/9/1924,1924,9,20.8,11.2
1/10/1924,1924,10,23.2,13.2
1/11/1924,1924,11,22.7,14.6
1/12/1924,1924,12,22.5,14.5
1/1/1925,1925,1,24.1,17.4
1/2/1925,1925,2,26.6,18.5
1/3/1925,1925,3,23.8,16.2
1/4/1925,1925,4,23.4,14.7
1/5/1925,1925,5,19.4,12.3
1/6/1925,1925,6,17.7,10.3
1/7/1925,1925,7,16.7,7.3
1/8/1925,1925,8,16.3,8
1/9/1925,1925,9,19.5,8.7
1/10/1925,1925,10,21.8,11.9
1/11/1925,1925,11,22.5,15.3
1/12/1925,1925,12,25.3,17.4
1/1/1926,1926,1,26.2,18.2
1/2/1926,1926,2,28.7,20
1/3/1926,1926,3,24.4,17.4
1/4/1926,1926,4,23.5,14.5
1/5/1926,1926,5,18.6,10.9
1/6/1926,1926,6,18,9.8
1/7/1926,1926,7,17.8,8.3
1/8/1926,1926,8,18.8,8.8
1/9/1926,1926,9,20.4,10.5
1/10/1926,1926,10,24.7,13
1/11/1926,1926,11,25.3,15
1/12/1926,1926,12,23.7,16.2
1/1/1927,1927,1,25,18
1/2/1927,1927,2,25.3,17.5
1/3/1927,1927,3,24.6,16.9
1/4/1927,1927,4,21.1,13.9
1/5/1927,1927,5,19.3,10.3
1/6/1927,1927,6,16,7.6
1/7/1927,1927,7,17.5,7
1/8/1927,1927,8,18.5,7.6
1/9/1927,1927,9,18.2,9.7
1/10/1927,1927,10,22.3,13.2
1/11/1927,1927,11,22.2,15.5
1/12/1927,1927,12,23.9,17
1/1/1928,1928,1,25.8,18.2
1/2/1928,1928,2,25.8,19.8
1/3/1928,1928,3,25.9,17.7
1/4/1928,1928,4,23.7,16
1/5/1928,1928,5,18.9,10.2
1/6/1928,1928,6,16.8,9.3
1/7/1928,1928,7,17.3,8.8
1/8/1928,1928,8,19.8,10.4
1/9/1928,1928,9,23.1,11.7
1/10/1928,1928,10,23.7,13.8
1/11/1928,1928,11,24,14.8
1/12/1928,1928,12,23.8,17.5
1/1/1929,1929,1,27.1,19.9
1/2/1929,1929,2,25.3,19.7
1/3/1929,1929,3,24.1,17.4
1/4/1929,1929,4,22.8,13.8
1/5/1929,1929,5,19.1,11
1/6/1929,1929,6,17.2,8.6
1/7/1929,1929,7,16.3,6.3
1/8/1929,1929,8,18,8.1
1/9/1929,1929,9,18.7,9.8
1/10/1929,1929,10,20.1,13.2
1/11/1929,1929,11,21.9,14.4
1/12/1929,1929,12,26.4,17.8
1/1/1930,1930,1,24.3,18
1/2/1930,1930,2,25.9,19.4
1/3/1930,1930,3,23.2,16.9
1/4/1930,1930,4,20.9,13.6
1/5/1930,1930,5,18.8,10.8
1/6/1930,1930,6,16.5,10.7
1/7/1930,1930,7,17.6,9
1/8/1930,1930,8,18.3,8.8
1/9/1930,1930,9,20.6,10.2
1/10/1930,1930,10,21.9,14.5
1/11/1930,1930,11,24.3,16
1/12/1930,1930,12,24.5,17.6
1/1/1931,1931,1,26.3,18.3
1/2/1931,1931,2,25,18.1
1/3/1931,1931,3,24.8,18
1/4/1931,1931,4,21.3,14.4
1/5/1931,1931,5,20.2,12.4
1/6/1931,1931,6,17.9,9.3
1/7/1931,1931,7,17.5,7.5
1/8/1931,1931,8,18.9,8.7
1/9/1931,1931,9,20.5,10.4
1/10/1931,1931,10,21.2,12
1/11/1931,1931,11,22.6,15.4
1/12/1931,1931,12,22.8,16.6
1/1/1932,1932,1,26.4,19
1/2/1932,1932,2,25.5,18.3
1/3/1932,1932,3,24.6,17.8
1/4/1932,1932,4,22.6,14.2
1/5/1932,1932,5,19,11.4
1/6/1932,1932,6,17.2,7.8
1/7/1932,1932,7,16.4,6.9
1/8/1932,1932,8,18.5,8.5
1/9/1932,1932,9,18.3,10.9
1/10/1932,1932,10,20.9,12.6
1/11/1932,1932,11,24.2,16
1/12/1932,1932,12,24.6,16.7
1/1/1933,1933,1,24.6,18.4
1/2/1933,1933,2,25.5,17.3
1/3/1933,1933,3,23.6,17.6
1/4/1933,1933,4,21.7,13.5
1/5/1933,1933,5,19.7,11.2
1/6/1933,1933,6,17.5,9.2
1/7/1933,1933,7,16.2,9.2
1/8/1933,1933,8,16.8,6.7
1/9/1933,1933,9,18.8,11
1/10/1933,1933,10,22,13.7
1/11/1933,1933,11,20.7,14.8
1/12/1933,1933,12,24.1,16.9
1/1/1934,1934,1,26,18.4
1/2/1934,1934,2,24.7,18.2
1/3/1934,1934,3,25.4,17.7
1/4/1934,1934,4,21.7,14.1
1/5/1934,1934,5,19.9,11.6
1/6/1934,1934,6,16.4,8.6
1/7/1934,1934,7,17,8.8
1/8/1934,1934,8,17.5,8.9
1/9/1934,1934,9,20.8,11.4
1/10/1934,1934,10,20.7,12.3
1/11/1934,1934,11,22.4,15.4
1/12/1934,1934,12,22.6,15.8
1/1/1935,1935,1,25.6,17.9
1/2/1935,1935,2,26.2,18.2
1/3/1935,1935,3,25,15.8
1/4/1935,1935,4,22.8,13.1
1/5/1935,1935,5,19.3,10
1/6/1935,1935,6,17,7.8
1/7/1935,1935,7,16.9,7.6
1/8/1935,1935,8,19.3,8.4
1/9/1935,1935,9,18.9,9.7
1/10/1935,1935,10,22.7,13.5
1/11/1935,1935,11,22.9,14.9
1/12/1935,1935,12,23.7,18.6
1/1/1936,1936,1,24.6,18.4
1/2/1936,1936,2,24,18.1
1/3/1936,1936,3,24.3,16.7
1/4/1936,1936,4,21.5,13
1/5/1936,1936,5,20.2,10.6
1/6/1936,1936,6,17.1,7.6
1/7/1936,1936,7,17,8
1/8/1936,1936,8,19.7,10.1
1/9/1936,1936,9,19.5,9.4
1/10/1936,1936,10,23.4,14
1/11/1936,1936,11,24.3,14.8
1/12/1936,1936,12,25.3,18.8
1/1/1937,1937,1,26.6,19.2
1/2/1937,1937,2,25,18.6
1/3/1937,1937,3,25,17.4
1/4/1937,1937,4,20.9,13.4
1/5/1937,1937,5,20,10.9
1/6/1937,1937,6,15.4,9
1/7/1937,1937,7,16.9,7.2
1/8/1937,1937,8,18.2,9.2
1/9/1937,1937,9,21.4,11.7
1/10/1937,1937,10,20.8,14.6
1/11/1937,1937,11,23,16.3
1/12/1937,1937,12,25.6,18.8
1/1/1938,1938,1,25.9,18.8
1/2/1938,1938,2,26.1,18.4
1/3/1938,1938,3,25.5,18.1
1/4/1938,1938,4,23.5,15.4
1/5/1938,1938,5,20.2,12.3
1/6/1938,1938,6,18,7.8
1/7/1938,1938,7,16.2,6.9
1/8/1938,1938,8,17,8.3
1/9/1938,1938,9,19.6,10.7
1/10/1938,1938,10,22.2,14.6
1/11/1938,1938,11,24.4,17.1
1/12/1938,1938,12,26.5,17.2
1/1/1939,1939,1,26.1,18.8
1/2/1939,1939,2,27.1,19.6
1/3/1939,1939,3,23.6,18.2
1/4/1939,1939,4,22.4,15.4
1/5/1939,1939,5,20.8,12.3
1/6/1939,1939,6,18,9.3
1/7/1939,1939,7,15.6,6.4
1/8/1939,1939,8,18.9,8.9
1/9/1939,1939,9,19.8,10
1/10/1939,1939,10,20.4,12.5
1/11/1939,1939,11,23.6,15.6
1/12/1939,1939,12,26.2,17.2
1/1/1940,1940,1,27,19
1/2/1940,1940,2,26.3,18.8
1/3/1940,1940,3,26.9,18.6
1/4/1940,1940,4,21.9,14.7
1/5/1940,1940,5,18.8,10.7
1/6/1940,1940,6,18.1,8.9
1/7/1940,1940,7,17.4,8
1/8/1940,1940,8,18.3,8.6
1/9/1940,1940,9,20.8,11
1/10/1940,1940,10,22.8,13.9
1/11/1940,1940,11,23.1,15.2
1/12/1940,1940,12,25.6,18.4
1/1/1941,1941,1,24.1,18.1
1/2/1941,1941,2,24.8,17.9
1/3/1941,1941,3,24.1,16.8
1/4/1941,1941,4,22.4,14.3
1/5/1941,1941,5,19.8,10.5
1/6/1941,1941,6,17,8.5
1/7/1941,1941,7,17.5,8.4
1/8/1941,1941,8,17.5,7.8
1/9/1941,1941,9,21.1,11.2
1/10/1941,1941,10,21.3,12.6
1/11/1941,1941,11,24.4,16
1/12/1941,1941,12,24.6,16.7
1/1/1942,1942,1,26.9,18.8
1/2/1942,1942,2,24.7,18.7
1/3/1942,1942,3,24.3,17.5
1/4/1942,1942,4,22.5,14.2
1/5/1942,1942,5,20.9,12.8
1/6/1942,1942,6,17.2,9.9
1/7/1942,1942,7,15.8,8.3
1/8/1942,1942,8,19.2,9.4
1/9/1942,1942,9,20.9,10.7
1/10/1942,1942,10,20.6,12.9
1/11/1942,1942,11,23.1,15.3
1/12/1942,1942,12,24.8,17.3
1/1/1943,1943,1,25.4,18.2
1/2/1943,1943,2,26.6,18.2
1/3/1943,1943,3,25.2,18.4
1/4/1943,1943,4,22.4,13.3
1/5/1943,1943,5,18.9,11.7
1/6/1943,1943,6,15.4,7.6
1/7/1943,1943,7,15.8,6.8
1/8/1943,1943,8,14.9,7.6
1/9/1943,1943,9,18.3,10.4
1/10/1943,1943,10,20.4,13
1/11/1943,1943,11,20.6,14.1
1/12/1943,1943,12,23,16.4
1/1/1944,1944,1,26.6,19.5
1/2/1944,1944,2,26.2,18.3
1/3/1944,1944,3,24,16.3
1/4/1944,1944,4,21.9,12.6
1/5/1944,1944,5,18.4,10.6
1/6/1944,1944,6,15.6,7.6
1/7/1944,1944,7,15.9,7.7
1/8/1944,1944,8,16.4,8.9
1/9/1944,1944,9,19.8,10.2
1/10/1944,1944,10,23.1,13.4
1/11/1944,1944,11,25.6,16.2
1/12/1944,1944,12,26.1,17.4
1/1/1945,1945,1,24.6,18.1
1/2/1945,1945,2,24.9,17.9
1/3/1945,1945,3,24.7,16.9
1/4/1945,1945,4,22.2,14.1
1/5/1945,1945,5,18.9,10.6
1/6/1945,1945,6,16.9,11.1
1/7/1945,1945,7,15.4,7.4
1/8/1945,1945,8,18.5,9.8
1/9/1945,1945,9,19.8,9.7
1/10/1945,1945,10,21.6,13.1
1/11/1945,1945,11,24.7,15.7
1/12/1945,1945,12,24.7,16.9
1/1/1946,1946,1,27.5,19.9
1/2/1946,1946,2,26.1,19.2
1/3/1946,1946,3,24.1,16.7
1/4/1946,1946,4,20.4,13.9
1/5/1946,1946,5,19.7,10.7
1/6/1946,1946,6,16.3,8.2
1/7/1946,1946,7,18.3,9
1/8/1946,1946,8,19.4,8.4
1/9/1946,1946,9,19.8,10.1
1/10/1946,1946,10,20.5,11.6
1/11/1946,1946,11,23.6,15.4
1/12/1946,1946,12,25.4,17.5
1/1/1947,1947,1,25.1,18
1/2/1947,1947,2,25.2,19.5
1/3/1947,1947,3,24.6,17.7
1/4/1947,1947,4,21.6,14.1
1/5/1947,1947,5,20.8,12.6
1/6/1947,1947,6,18.2,9.1
1/7/1947,1947,7,17.1,7.9
1/8/1947,1947,8,17.7,8.5
1/9/1947,1947,9,20.2,10.7
1/10/1947,1947,10,22.1,13
1/11/1947,1947,11,21.4,14.4
1/12/1947,1947,12,24.6,17.6
1/1/1948,1948,1,23.1,16.5
1/2/1948,1948,2,26.3,19.6
1/3/1948,1948,3,23.7,16.2
1/4/1948,1948,4,21,13.7
1/5/1948,1948,5,19.7,10.5
1/6/1948,1948,6,16.6,9.6
1/7/1948,1948,7,16.2,6.4
1/8/1948,1948,8,19.2,8.3
1/9/1948,1948,9,20,10.7
1/10/1948,1948,10,23.6,12.6
1/11/1948,1948,11,21.5,14.7
1/12/1948,1948,12,24.4,17
1/1/1949,1949,1,23.9,17
1/2/1949,1949,2,26,18.4
1/3/1949,1949,3,23.2,17.6
1/4/1949,1949,4,21,12.7
1/5/1949,1949,5,19.3,11.4
1/6/1949,1949,6,15.5,8.6
1/7/1949,1949,7,17.4,7.8
1/8/1949,1949,8,18,8.6
1/9/1949,1949,9,19.1,11.3
1/10/1949,1949,10,24.4,15.5
1/11/1949,1949,11,23.3,15.6
1/12/1949,1949,12,24.9,17
1/1/1950,1950,1,25.8,18.3
1/2/1950,1950,2,24.4,18.5
1/3/1950,1950,3,24.6,18.5
1/4/1950,1950,4,22.2,14.8
1/5/1950,1950,5,19.1,11.8
1/6/1950,1950,6,16.8,11.4
1/7/1950,1950,7,16.6,10.4
1/8/1950,1950,8,17.6,8.8
1/9/1950,1950,9,21.7,12.5
1/10/1950,1950,10,21.3,14.1
1/11/1950,1950,11,22,15.2
1/12/1950,1950,12,24.8,17.3
1/1/1951,1951,1,23.9,18.3
1/2/1951,1951,2,25.4,18.7
1/3/1951,1951,3,25.8,18.9
1/4/1951,1951,4,21.9,13
1/5/1951,1951,5,20,11.5
1/6/1951,1951,6,17.3,11.2
1/7/1951,1951,7,17.1,7.9
1/8/1951,1951,8,17.4,8.1
1/9/1951,1951,9,21,11.7
1/10/1951,1951,10,22.4,12.6
1/11/1951,1951,11,24.1,14.8
1/12/1951,1951,12,24.8,16.7
1/1/1952,1952,1,26.7,18.8
1/2/1952,1952,2,24.7,17.9
1/3/1952,1952,3,25.2,17.5
1/4/1952,1952,4,22.3,15
1/5/1952,1952,5,18.8,11.4
1/6/1952,1952,6,18,9.8
1/7/1952,1952,7,16.4,8.3
1/8/1952,1952,8,17.5,10.1
1/9/1952,1952,9,20.7,10.6
1/10/1952,1952,10,21.5,13.9
1/11/1952,1952,11,22.7,14.5
1/12/1952,1952,12,23.6,16.8
1/1/1953,1953,1,24.1,17.8
1/2/1953,1953,2,24.2,17.9
1/3/1953,1953,3,24.4,17.4
1/4/1953,1953,4,24.2,15.9
1/5/1953,1953,5,20,11.8
1/6/1953,1953,6,17.2,8.9
1/7/1953,1953,7,17.2,7.9
1/8/1953,1953,8,17.8,8.5
1/9/1953,1953,9,20.2,10.9
1/10/1953,1953,10,20.6,12.5
1/11/1953,1953,11,24.3,15.1
1/12/1953,1953,12,26.4,17.8
1/1/1954,1954,1,24.3,18.4
1/2/1954,1954,2,26,19.1
1/3/1954,1954,3,25.3,17.3
1/4/1954,1954,4,23.8,15.4
1/5/1954,1954,5,19.2,11.2
1/6/1954,1954,6,17.4,8.8
1/7/1954,1954,7,17.1,8.6
1/8/1954,1954,8,18.6,9.3
1/9/1954,1954,9,18,9.9
1/10/1954,1954,10,21.6,13.4
1/11/1954,1954,11,24.4,16.9
1/12/1954,1954,12,24.2,18
1/1/1955,1955,1,25.8,19.2
1/2/1955,1955,2,25.5,19.2
1/3/1955,1955,3,25.3,18.9
1/4/1955,1955,4,22.7,16
1/5/1955,1955,5,19.2,11.2
1/6/1955,1955,6,16.6,9.4
1/7/1955,1955,7,16.4,7.7
1/8/1955,1955,8,18.9,9.7
1/9/1955,1955,9,20.1,10.7
1/10/1955,1955,10,22.9,14.2
1/11/1955,1955,11,24.3,14.4
1/12/1955,1955,12,23.6,16.2
1/1/1956,1956,1,25.1,18.2
1/2/1956,1956,2,25.3,19.9
1/3/1956,1956,3,24.9,19.3
1/4/1956,1956,4,23.9,15.3
1/5/1956,1956,5,19.4,12.1
1/6/1956,1956,6,17.1,9.7
1/7/1956,1956,7,16.6,7.8
1/8/1956,1956,8,17.5,8.3
1/9/1956,1956,9,18.1,9.5
1/10/1956,1956,10,21.4,12.7
1/11/1956,1956,11,23.8,14.2
1/12/1956,1956,12,26,17.3
1/1/1957,1957,1,24.1,17.6
1/2/1957,1957,2,24,18.3
1/3/1957,1957,3,24.1,16.7
1/4/1957,1957,4,23.5,15.1
1/5/1957,1957,5,21.1,9.9
1/6/1957,1957,6,20.3,10.4
1/7/1957,1957,7,15.7,7.5
1/8/1957,1957,8,17.3,9.5
1/9/1957,1957,9,19.6,10.3
1/10/1957,1957,10,22.4,14
1/11/1957,1957,11,26,15.4
1/12/1957,1957,12,27.4,18
1/1/1958,1958,1,24.6,18
1/2/1958,1958,2,26.3,18.6
1/3/1958,1958,3,26.3,18.6
1/4/1958,1958,4,23.1,16
1/5/1958,1958,5,22.7,13.8
1/6/1958,1958,6,17.8,10.2
1/7/1958,1958,7,16.9,8.4
1/8/1958,1958,8,18.5,10.7
1/9/1958,1958,9,18.5,10.3
1/10/1958,1958,10,22.7,13.5
1/11/1958,1958,11,25.2,17.1
1/12/1958,1958,12,24,17.7
1/1/1959,1959,1,25.5,19.5
1/2/1959,1959,2,26.2,19.3
1/3/1959,1959,3,25.3,18.7
1/4/1959,1959,4,23,15.3
1/5/1959,1959,5,19.4,11
1/6/1959,1959,6,17.8,9.2
1/7/1959,1959,7,17.3,9
1/8/1959,1959,8,18.5,9.3
1/9/1959,1959,9,19.9,11.9
1/10/1959,1959,10,20,12.6
1/11/1959,1959,11,23.9,17.1
1/12/1959,1959,12,25.2,17.7
1/1/1960,1960,1,28.3,19.9
1/2/1960,1960,2,25.5,18.3
1/3/1960,1960,3,24.5,17.2
1/4/1960,1960,4,23.7,14.7
1/5/1960,1960,5,19.1,11.2
1/6/1960,1960,6,16.2,8.9
1/7/1960,1960,7,17.5,9.2
1/8/1960,1960,8,17.5,8.3
1/9/1960,1960,9,19.5,11.1
1/10/1960,1960,10,22.2,13.3
1/11/1960,1960,11,22.7,14.6
1/12/1960,1960,12,22.8,16.1
1/1/1961,1961,1,25.5,18
1/2/1961,1961,2,25.7,18.4
1/3/1961,1961,3,25.6,17.4
1/4/1961,1961,4,22.7,15.2
1/5/1961,1961,5,19.4,10.6
1/6/1961,1961,6,17.6,9.4
1/7/1961,1961,7,16.7,8.2
1/8/1961,1961,8,17.1,8.9
1/9/1961,1961,9,19.7,10.7
1/10/1961,1961,10,23.3,14.9
1/11/1961,1961,11,23.1,16.5
1/12/1961,1961,12,24.7,17.9
1/1/1962,1962,1,25.1,18.7
1/2/1962,1962,2,26.4,18.8
1/3/1962,1962,3,25.3,17.3
1/4/1962,1962,4,22.5,14.2
1/5/1962,1962,5,19.2,11.5
1/6/1962,1962,6,19.1,9.8
1/7/1962,1962,7,17.7,8.7
1/8/1962,1962,8,17.7,9.4
1/9/1962,1962,9,20.5,11.3
1/10/1962,1962,10,21.9,12.5
1/11/1962,1962,11,24.1,15.5
1/12/1962,1962,12,23.6,17.1
1/1/1963,1963,1,25.9,18.9
1/2/1963,1963,2,26.7,18.8
1/3/1963,1963,3,24.6,18.1
1/4/1963,1963,4,23,14.5
1/5/1963,1963,5,20,13.2
1/6/1963,1963,6,17,9.6
1/7/1963,1963,7,16.5,8.9
1/8/1963,1963,8,17.1,8.7
1/9/1963,1963,9,20.3,10.7
1/10/1963,1963,10,21.3,14
1/11/1963,1963,11,22.2,14.7
1/12/1963,1963,12,25.5,17.8
1/1/1964,1964,1,27.6,19.4
1/2/1964,1964,2,25.7,18.9
1/3/1964,1964,3,25.1,18
1/4/1964,1964,4,22.5,15.1
1/5/1964,1964,5,20.1,10.7
1/6/1964,1964,6,18.1,10.1
1/7/1964,1964,7,17.7,8.8
1/8/1964,1964,8,18.9,8.9
1/9/1964,1964,9,21.2,11.9
1/10/1964,1964,10,21.4,12.6
1/11/1964,1964,11,24.2,16.1
1/12/1964,1964,12,25.4,16.7
1/1/1965,1965,1,23.2,17.1
1/2/1965,1965,2,25.6,18.8
1/3/1965,1965,3,26.2,17.2
1/4/1965,1965,4,22.1,13.9
1/5/1965,1965,5,21.3,11.6
1/6/1965,1965,6,18.5,9
1/7/1965,1965,7,16.8,7.6
1/8/1965,1965,8,18.6,9.9
1/9/1965,1965,9,21.8,13.3
1/10/1965,1965,10,22.7,14.7
1/11/1965,1965,11,23.8,15.4
1/12/1965,1965,12,24.3,17.7
1/1/1966,1966,1,25.4,18.3
1/2/1966,1966,2,25.3,18.3
1/3/1966,1966,3,24.6,17
1/4/1966,1966,4,23.3,14.7
1/5/1966,1966,5,20.1,10.3
1/6/1966,1966,6,17.9,8.8
1/7/1966,1966,7,16.6,7.8
1/8/1966,1966,8,17.3,8.9
1/9/1966,1966,9,19.3,11.2
1/10/1966,1966,10,20.7,13.5
1/11/1966,1966,11,24.6,15.9
1/12/1966,1966,12,24.5,17.5
1/1/1967,1967,1,26.7,19
1/2/1967,1967,2,24.9,18.6
1/3/1967,1967,3,24,16.8
1/4/1967,1967,4,23.1,15.5
1/5/1967,1967,5,20.1,11.6
1/6/1967,1967,6,17.8,12.5
1/7/1967,1967,7,17.2,8.5
1/8/1967,1967,8,17.4,9.1
1/9/1967,1967,9,19.6,10.4
1/10/1967,1967,10,21.5,14.6
1/11/1967,1967,11,24.2,15.8
1/12/1967,1967,12,24.2,16.4
1/1/1968,1968,1,25.6,19.4
1/2/1968,1968,2,26.9,19.5
1/3/1968,1968,3,26.7,19.3
1/4/1968,1968,4,25.3,16.1
1/5/1968,1968,5,19.8,11.6
1/6/1968,1968,6,16.9,8.7
1/7/1968,1968,7,16.2,7.1
1/8/1968,1968,8,18.8,9.6
1/9/1968,1968,9,20.5,10.9
1/10/1968,1968,10,24.2,13.8
1/11/1968,1968,11,26,16.5
1/12/1968,1968,12,23.7,16.8
1/1/1969,1969,1,27.4,19.9
1/2/1969,1969,2,25.5,19.2
1/3/1969,1969,3,25.3,18.1
1/4/1969,1969,4,24.4,15
1/5/1969,1969,5,19.7,11.6
1/6/1969,1969,6,17.4,9.2
1/7/1969,1969,7,18,8.7
1/8/1969,1969,8,19.1,10.7
1/9/1969,1969,9,18.3,10.1
1/10/1969,1969,10,20.8,13.6
1/11/1969,1969,11,22.9,15.4
1/12/1969,1969,12,26.3,17.2
1/1/1970,1970,1,26.3,19
1/2/1970,1970,2,26.3,19.5
1/3/1970,1970,3,24.7,16.6
1/4/1970,1970,4,23.6,14.8
1/5/1970,1970,5,18.5,10.4
1/6/1970,1970,6,18.1,8.9
1/7/1970,1970,7,18.1,7
1/8/1970,1970,8,17.9,8.3
1/9/1970,1970,9,18.6,9.9
1/10/1970,1970,10,23.5,14.9
1/11/1970,1970,11,22.3,15.1
1/12/1970,1970,12,25.8,18
1/1/1971,1971,1,25.2,19.1
1/2/1971,1971,2,26.4,20.1
1/3/1971,1971,3,25.2,18.4
1/4/1971,1971,4,23.4,14.9
1/5/1971,1971,5,20.1,11.5
1/6/1971,1971,6,17.1,8.9
1/7/1971,1971,7,15.9,7.3
1/8/1971,1971,8,18.3,8.9
1/9/1971,1971,9,20.5,11.7
1/10/1971,1971,10,24.2,13.8
1/11/1971,1971,11,22.2,14.7
1/12/1971,1971,12,24.4,17.6
1/1/1972,1972,1,24.5,18.3
1/2/1972,1972,2,25.7,18.9
1/3/1972,1972,3,24.1,17.6
1/4/1972,1972,4,22.5,14.6
1/5/1972,1972,5,19.1,12
1/6/1972,1972,6,17.6,9.6
1/7/1972,1972,7,17.5,8.3
1/8/1972,1972,8,18.8,10
1/9/1972,1972,9,21.5,12.3
1/10/1972,1972,10,20.9,14
1/11/1972,1972,11,23,15.8
1/12/1972,1972,12,27.2,18.5
1/1/1973,1973,1,26.7,19.9
1/2/1973,1973,2,26.3,19.6
1/3/1973,1973,3,25.3,18.3
1/4/1973,1973,4,24.3,15.5
1/5/1973,1973,5,21.6,12.1
1/6/1973,1973,6,17.3,10
1/7/1973,1973,7,18,10.2
1/8/1973,1973,8,18.1,9.5
1/9/1973,1973,9,21.6,12.5
1/10/1973,1973,10,22.5,15.2
1/11/1973,1973,11,24.5,16.5
1/12/1973,1973,12,25.9,19.7
1/1/1974,1974,1,25.5,19.9
1/2/1974,1974,2,25.6,18.7
1/3/1974,1974,3,25.2,18.2
1/4/1974,1974,4,23.4,16.8
1/5/1974,1974,5,20.2,12.5
1/6/1974,1974,6,17.4,9.6
1/7/1974,1974,7,17.5,8.9
1/8/1974,1974,8,17.6,8.8
1/9/1974,1974,9,19.4,10.3
1/10/1974,1974,10,20.9,13
1/11/1974,1974,11,22.1,14.5
1/12/1974,1974,12,25.3,17.5
1/1/1975,1975,1,26.2,18.5
1/2/1975,1975,2,25.9,19.1
1/3/1975,1975,3,25.5,17.9
1/4/1975,1975,4,22.1,14.3
1/5/1975,1975,5,21,12.1
1/6/1975,1975,6,17.7,9.6
1/7/1975,1975,7,19,8.9
1/8/1975,1975,8,18.2,9.9
1/9/1975,1975,9,20.7,12.5
1/10/1975,1975,10,22,14
1/11/1975,1975,11,25,17.1
1/12/1975,1975,12,26.2,19
1/1/1976,1976,1,25,19
1/2/1976,1976,2,26,20
1/3/1976,1976,3,25.2,18.6
1/4/1976,1976,4,23.2,14.7
1/5/1976,1976,5,21.3,11.2
1/6/1976,1976,6,18.4,10.2
1/7/1976,1976,7,17.4,8.5
1/8/1976,1976,8,18.3,8.9
1/9/1976,1976,9,19,10.6
1/10/1976,1976,10,20.7,13
1/11/1976,1976,11,23.3,15.4
1/12/1976,1976,12,27.7,18.7
1/1/1977,1977,1,27.2,19.1
1/2/1977,1977,2,26.2,19.9
1/3/1977,1977,3,26.2,18.3
1/4/1977,1977,4,24.2,14.8
1/5/1977,1977,5,20.2,12.3
1/6/1977,1977,6,17.1,9.4
1/7/1977,1977,7,16.9,7.9
1/8/1977,1977,8,19.6,8.8
1/9/1977,1977,9,18.8,10.8
1/10/1977,1977,10,24.2,14.9
1/11/1977,1977,11,24.4,16.5
1/12/1977,1977,12,27.1,18.5
1/1/1978,1978,1,26.2,19.8
1/2/1978,1978,2,28.4,20.2
1/3/1978,1978,3,25.7,19.1
1/4/1978,1978,4,22.9,15
1/5/1978,1978,5,20.7,12.5
1/6/1978,1978,6,16.7,9.7
1/7/1978,1978,7,16.6,7.9
1/8/1978,1978,8,17.1,8.7
1/9/1978,1978,9,18.9,11.2
1/10/1978,1978,10,21.5,13.3
1/11/1978,1978,11,22.8,16.1
1/12/1978,1978,12,23.9,17.4
1/1/1979,1979,1,26.9,20
1/2/1979,1979,2,27.2,20.3
1/3/1979,1979,3,24.9,18
1/4/1979,1979,4,22.9,14.9
1/5/1979,1979,5,18.9,12
1/6/1979,1979,6,18.4,10
1/7/1979,1979,7,17.5,8.1
1/8/1979,1979,8,18,9.1
1/9/1979,1979,9,19.9,12
1/10/1979,1979,10,22,14.1
1/11/1979,1979,11,24.1,17
1/12/1979,1979,12,27.9,19.2
1/1/1980,1980,1,26.9,19.3
1/2/1980,1980,2,26.9,19.2
1/3/1980,1980,3,26.3,18.8
1/4/1980,1980,4,23.8,15.2
1/5/1980,1980,5,20.7,13.2
1/6/1980,1980,6,17.9,9.9
1/7/1980,1980,7,16.7,8.4
1/8/1980,1980,8,20.2,9.9
1/9/1980,1980,9,23.3,12.3
1/10/1980,1980,10,22.4,15.2
1/11/1980,1980,11,25.1,16.2
1/12/1980,1980,12,26.3,18.9
1/1/1981,1981,1,26.3,20.4
1/2/1981,1981,2,26,20.3
1/3/1981,1981,3,25.3,18.1
1/4/1981,1981,4,24,16.4
1/5/1981,1981,5,20.1,12.5
1/6/1981,1981,6,17.2,9.6
1/7/1981,1981,7,17,8.3
1/8/1981,1981,8,17.6,9.2
1/9/1981,1981,9,22.1,12.3
1/10/1981,1981,10,22.6,15.5
1/11/1981,1981,11,22.1,15.8
1/12/1981,1981,12,25.4,18.4
1/1/1982,1982,1,26.4,20.3
1/2/1982,1982,2,26.7,19.7
1/3/1982,1982,3,24.7,18.3
1/4/1982,1982,4,23.2,15.2
1/5/1982,1982,5,21.5,11.3
1/6/1982,1982,6,16.7,8.7
1/7/1982,1982,7,15.8,7.8
1/8/1982,1982,8,20,9.9
1/9/1982,1982,9,20,10.9
1/10/1982,1982,10,21.3,13
1/11/1982,1982,11,24.8,16.6
1/12/1982,1982,12,25.2,18.5
1/1/1983,1983,1,26.6,19.5
1/2/1983,1983,2,27.7,21.1
1/3/1983,1983,3,26.6,19.3
1/4/1983,1983,4,21.1,14.5
1/5/1983,1983,5,20.5,13.5
1/6/1983,1983,6,16.9,9.3
1/7/1983,1983,7,16.7,7.7
1/8/1983,1983,8,18.1,9.6
1/9/1983,1983,9,21.8,12.5
1/10/1983,1983,10,21.3,14.4
1/11/1983,1983,11,23.7,16.3
1/12/1983,1983,12,25,17.7
1/1/1984,1984,1,25.6,18.5
1/2/1984,1984,2,26.8,19.2
1/3/1984,1984,3,24,16.4
1/4/1984,1984,4,22.8,14.7
1/5/1984,1984,5,19.9,11.1
1/6/1984,1984,6,18.3,9.2
1/7/1984,1984,7,16.1,8.3
1/8/1984,1984,8,18.9,10
1/9/1984,1984,9,19.7,10.7
1/10/1984,1984,10,22,13.7
1/11/1984,1984,11,24.6,17.2
1/12/1984,1984,12,25.3,17.4
1/1/1985,1985,1,26.8,18.9
1/2/1985,1985,2,24.4,18.2
1/3/1985,1985,3,25.6,18.3
1/4/1985,1985,4,22.5,15.7
1/5/1985,1985,5,19.9,12.6
1/6/1985,1985,6,17.7,8.7
1/7/1985,1985,7,17,8.7
1/8/1985,1985,8,17.7,9.2
1/9/1985,1985,9,19.7,11.2
1/10/1985,1985,10,21.6,14.7
1/11/1985,1985,11,23.5,16.3
1/12/1985,1985,12,27.4,18.7
1/1/1986,1986,1,25.9,18.5
1/2/1986,1986,2,26.2,19.1
1/3/1986,1986,3,25.5,18.3
1/4/1986,1986,4,24.8,15.8
1/5/1986,1986,5,20.8,12.4
1/6/1986,1986,6,18,8.9
1/7/1986,1986,7,17.3,8.5
1/8/1986,1986,8,17.9,9.4
1/9/1986,1986,9,20.9,12.6
1/10/1986,1986,10,22.4,13.7
1/11/1986,1986,11,21.8,14.8
1/12/1986,1986,12,24.7,17.4
1/1/1987,1987,1,27,20
1/2/1987,1987,2,26.9,19.8
1/3/1987,1987,3,24.2,16.7
1/4/1987,1987,4,22.9,15
1/5/1987,1987,5,20.5,12.8
1/6/1987,1987,6,18.2,10.2
1/7/1987,1987,7,16.9,8.2
1/8/1987,1987,8,18.7,11.1
1/9/1987,1987,9,21.4,11.7
1/10/1987,1987,10,21.4,13.5
1/11/1987,1987,11,24.6,16.3
1/12/1987,1987,12,24.3,17.8
1/1/1988,1988,1,26.8,19.7
1/2/1988,1988,2,25.7,18.6
1/3/1988,1988,3,25,17.3
1/4/1988,1988,4,22.5,16.5
1/5/1988,1988,5,20.9,13.3
1/6/1988,1988,6,18.5,10.6
1/7/1988,1988,7,18.7,10.3
1/8/1988,1988,8,19.3,10
1/9/1988,1988,9,21.8,13.1
1/10/1988,1988,10,26.2,15.9
1/11/1988,1988,11,23.4,16.4
1/12/1988,1988,12,25.4,19.1
1/1/1989,1989,1,25.4,18.8
1/2/1989,1989,2,26.3,19.2
1/3/1989,1989,3,25.2,18.7
1/4/1989,1989,4,23.1,16.9
1/5/1989,1989,5,20.5,14
1/6/1989,1989,6,16.7,10.4
1/7/1989,1989,7,16.3,8.8
1/8/1989,1989,8,17.3,8.7
1/9/1989,1989,9,20.9,11.2
1/10/1989,1989,10,24.2,14.8
1/11/1989,1989,11,23.6,16.3
1/12/1989,1989,12,25.3,18.2
1/1/1990,1990,1,25.5,19
1/2/1990,1990,2,25.4,19.3
1/3/1990,1990,3,25.3,18.1
1/4/1990,1990,4,23.1,16.7
1/5/1990,1990,5,21.3,13.1
1/6/1990,1990,6,17.4,9.1
1/7/1990,1990,7,17.3,8.9
1/8/1990,1990,8,17.5,9.3
1/9/1990,1990,9,19.4,11.1
1/10/1990,1990,10,21.9,13.5
1/11/1990,1990,11,24.5,16.2
1/12/1990,1990,12,28.6,20.1
1/1/1991,1991,1,29.1,21
1/2/1991,1991,2,28.2,20.9
1/3/1991,1991,3,25.6,18
1/4/1991,1991,4,23.1,14.5
1/5/1991,1991,5,20,12.8
1/6/1991,1991,6,19.5,11.8
1/7/1991,1991,7,17,8.7
1/8/1991,1991,8,18.8,9.2
1/9/1991,1991,9,21.5,11.3
1/10/1991,1991,10,23.7,15.1
1/11/1991,1991,11,23.4,15.8
1/12/1991,1991,12,24.2,17.2
1/1/1992,1992,1,25.3,18.5
1/2/1992,1992,2,25,18.8
1/3/1992,1992,3,25.4,18.6
1/4/1992,1992,4,22.5,15.1
1/5/1992,1992,5,19.7,12.5
1/6/1992,1992,6,17.3,8.9
1/7/1992,1992,7,17.8,8.6
1/8/1992,1992,8,18.1,9.3
1/9/1992,1992,9,19.7,10.7
1/10/1992,1992,10,21.1,13.5
1/11/1992,1992,11,22.3,14.7
1/12/1992,1992,12,24,17.5
1/1/1993,1993,1,26.5,20.1
1/2/1993,1993,2,27.3,19.5
1/3/1993,1993,3,24.7,17.2
1/4/1993,1993,4,23.6,15.7
1/5/1993,1993,5,20.3,12.2
1/6/1993,1993,6,17.3,8.8
1/7/1993,1993,7,17.6,10.4
1/8/1993,1993,8,18.9,10
1/9/1993,1993,9,19.8,11.5
1/10/1993,1993,10,22.3,14.1
1/11/1993,1993,11,23.2,15.3
1/12/1993,1993,12,25.7,18.4
1/1/1994,1994,1,28.2,19.9
1/2/1994,1994,2,26.3,19.9
1/3/1994,1994,3,23.5,16.5
1/4/1994,1994,4,23.2,15
1/5/1994,1994,5,21.2,12.1
1/6/1994,1994,6,18.1,9.9
1/7/1994,1994,7,18,8.3
1/8/1994,1994,8,18.7,8.9
1/9/1994,1994,9,21.7,10.8
1/10/1994,1994,10,22.3,13.2
1/11/1994,1994,11,24.6,16.4
1/12/1994,1994,12,24.9,17.9
1/1/1995,1995,1,24.8,18.9
1/2/1995,1995,2,25.1,18.4
1/3/1995,1995,3,25.1,17.3
1/4/1995,1995,4,22,13.7
1/5/1995,1995,5,20.2,13.4
1/6/1995,1995,6,17.5,9.7
1/7/1995,1995,7,16.8,7.7
1/8/1995,1995,8,21.3,10.3
1/9/1995,1995,9,19.3,11.6
1/10/1995,1995,10,21.9,14.1
1/11/1995,1995,11,24.2,16.3
1/12/1995,1995,12,23.7,16.6
1/1/1996,1996,1,25.4,19.5
1/2/1996,1996,2,25.2,18.1
1/3/1996,1996,3,24.6,17.1
1/4/1996,1996,4,23.6,13.8
1/5/1996,1996,5,21,13
1/6/1996,1996,6,18.3,10.3
1/7/1996,1996,7,17.2,8.5
1/8/1996,1996,8,18.9,9.8
1/9/1996,1996,9,21.7,12.2
1/10/1996,1996,10,22.1,14
1/11/1996,1996,11,23.4,14.8
1/12/1996,1996,12,24.4,17.1
1/1/1997,1997,1,24.1,17.5
1/2/1997,1997,2,26.3,20.4
1/3/1997,1997,3,25.7,18.1
1/4/1997,1997,4,24.4,14.8
1/5/1997,1997,5,20.1,12.8
1/6/1997,1997,6,18,8.8
1/7/1997,1997,7,16.7,8.5
1/8/1997,1997,8,18.7,8.7
1/9/1997,1997,9,19.4,11.5
1/10/1997,1997,10,22.9,14.2
1/11/1997,1997,11,25.5,17.6
1/12/1997,1997,12,26.8,19.7
1/1/1998,1998,1,27.6,20.2
1/2/1998,1998,2,29,20.8
1/3/1998,1998,3,27,19.1
1/4/1998,1998,4,23.4,15.8
1/5/1998,1998,5,20.1,12.9
1/6/1998,1998,6,17.6,10.5
1/7/1998,1998,7,16.2,8.7
1/8/1998,1998,8,18.1,10.7
1/9/1998,1998,9,22.1,13.4
1/10/1998,1998,10,23.6,14.2
1/11/1998,1998,11,21.7,14.9
1/12/1998,1998,12,25.7,18.9
1/1/1999,1999,1,26.6,20.5
1/2/1999,1999,2,26.1,19.6
1/3/1999,1999,3,25.7,18.9
1/4/1999,1999,4,21.7,13.8
1/5/1999,1999,5,20.9,12.2
1/6/1999,1999,6,17.8,10.1
1/7/1999,1999,7,17.7,9.6
1/8/1999,1999,8,18.8,10.1
1/9/1999,1999,9,21.2,12.6
1/10/1999,1999,10,22.8,15
1/11/1999,1999,11,22.3,14.7
1/12/1999,1999,12,23.6,17.7
1/1/2000,2000,1,24.8,17.8
1/2/2000,2000,2,27.5,19.6
1/3/2000,2000,3,25.3,19
1/4/2000,2000,4,23.4,15.4
1/5/2000,2000,5,20.4,12.2
1/6/2000,2000,6,17.6,8.5
1/7/2000,2000,7,18.3,8.7
1/8/2000,2000,8,18.8,9.3
1/9/2000,2000,9,22.7,12.5
1/10/2000,2000,10,22.9,14.7
1/11/2000,2000,11,23.6,17.2
1/12/2000,2000,12,27.6,19.5
1/1/2001,2001,1,27.3,20.5
1/2/2001,2001,2,27.3,20.6
1/3/2001,2001,3,25.8,18.5
1/4/2001,2001,4,24,15.5
1/5/2001,2001,5,19.9,11.4
1/6/2001,2001,6,19.9,10
1/7/2001,2001,7,17.5,9.7
1/8/2001,2001,8,19.5,9.3
1/9/2001,2001,9,22.3,13.1
1/10/2001,2001,10,24,14.1
1/11/2001,2001,11,23.5,15.6
1/12/2001,2001,12,26.2,18.5
1/1/2002,2002,1,27.2,19.8
1/2/2002,2002,2,25.2,19.1
1/3/2002,2002,3,25.7,18.2
1/4/2002,2002,4,24.3,16.4
1/5/2002,2002,5,20.1,12.1
1/6/2002,2002,6,18.1,9.7
1/7/2002,2002,7,18.5,7.9
1/8/2002,2002,8,19.6,9.8
1/9/2002,2002,9,22.7,12.4
1/10/2002,2002,10,24.5,14.6
1/11/2002,2002,11,25.3,17.2
1/12/2002,2002,12,25.4,18
1/1/2003,2003,1,27.2,19.7
1/2/2003,2003,2,27.1,20.6
1/3/2003,2003,3,25.2,17.5
1/4/2003,2003,4,22.7,15
1/5/2003,2003,5,20.6,13.1
1/6/2003,2003,6,19.6,10.6
1/7/2003,2003,7,17.8,9
1/8/2003,2003,8,19.1,9.1
1/9/2003,2003,9,22.6,12.5
1/10/2003,2003,10,21.6,13
1/11/2003,2003,11,22.7,15.4
1/12/2003,2003,12,26,18.8
1/1/2004,2004,1,27.6,20.1
1/2/2004,2004,2,28.1,20.3
1/3/2004,2004,3,26.1,18.7
1/4/2004,2004,4,24.2,16.2
1/5/2004,2004,5,21.3,11.5
1/6/2004,2004,6,19.9,9.7
1/7/2004,2004,7,18,8.8
1/8/2004,2004,8,19.7,10.1
1/9/2004,2004,9,21.8,11.8
1/10/2004,2004,10,23.3,14.8
1/11/2004,2004,11,25.4,16.3
1/12/2004,2004,12,25.6,18.1
1/1/2005,2005,1,26.6,19.6
1/2/2005,2005,2,27.4,19.4
1/3/2005,2005,3,24.3,16.9
1/4/2005,2005,4,25.1,16.6
1/5/2005,2005,5,21.2,12.2
1/6/2005,2005,6,19.2,10.6
1/7/2005,2005,7,19,9.3
1/8/2005,2005,8,20,9.2
1/9/2005,2005,9,21,12.1
1/10/2005,2005,10,24.3,15.8
1/11/2005,2005,11,23.9,16.9
1/12/2005,2005,12,28.6,18.9
1/1/2006,2006,1,27,20.6
1/2/2006,2006,2,27.8,20.3
1/3/2006,2006,3,27.1,19.6
1/4/2006,2006,4,24.6,14.3
1/5/2006,2006,5,20.6,11.4
1/6/2006,2006,6,17,8.7
1/7/2006,2006,7,17.9,9.1
1/8/2006,2006,8,19.8,10
1/9/2006,2006,9,23.1,13.4
1/10/2006,2006,10,24.2,14.6
1/11/2006,2006,11,24.3,16.5
1/12/2006,2006,12,24.2,17.6
1/1/2007,2007,1,26.4,19.7
1/2/2007,2007,2,26,20.6
1/3/2007,2007,3,26.3,19
1/4/2007,2007,4,23,15.6
1/5/2007,2007,5,22.4,13.7
1/6/2007,2007,6,16.8,9.4
1/7/2007,2007,7,17.1,8.5
1/8/2007,2007,8,19.9,11.7
1/9/2007,2007,9,20.9,12.6
1/10/2007,2007,10,25,15.7
1/11/2007,2007,11,23.5,17.5
1/12/2007,2007,12,24.7,18.5
1/1/2008,2008,1,26,20.3
1/2/2008,2008,2,24.8,18.5
1/3/2008,2008,3,25.1,17.4
1/4/2008,2008,4,21.5,13.9
1/5/2008,2008,5,20.5,11.4
1/6/2008,2008,6,18.6,11.9
1/7/2008,2008,7,17.2,8.3
1/8/2008,2008,8,17.3,8.1
1/9/2008,2008,9,21.4,12.2
1/10/2008,2008,10,23.2,14.5
1/11/2008,2008,11,23.7,16.7
1/12/2008,2008,12,25.9,18.1
1/1/2009,2009,1,27.6,19.9
1/2/2009,2009,2,25.7,19.7
1/3/2009,2009,3,25.4,18.9
1/4/2009,2009,4,22.8,15.7
1/5/2009,2009,5,20.7,12.5
1/6/2009,2009,6,17.9,10.3
1/7/2009,2009,7,18.3,9.2
1/8/2009,2009,8,20.9,10.4
1/9/2009,2009,9,23.1,13.5
1/10/2009,2009,10,21.4,14.1
1/11/2009,2009,11,26.1,18.7
1/12/2009,2009,12,25.4,19
1/1/2010,2010,1,27.6,20.7
1/2/2010,2010,2,27.4,21.2
1/3/2010,2010,3,25.7,19.3
1/4/2010,2010,4,24.6,15.9
1/5/2010,2010,5,20.6,12.1
1/6/2010,2010,6,17.7,9.6
1/7/2010,2010,7,17.1,9.2
1/8/2010,2010,8,18.3,9.5
1/9/2010,2010,9,21,12.3
1/10/2010,2010,10,22,14.9
1/11/2010,2010,11,23.5,16.9
1/12/2010,2010,12,25.8,18.9
1/1/2011,2011,1,27.4,20.9
1/2/2011,2011,2,28.4,21.1
1/3/2011,2011,3,26,19.2
1/4/2011,2011,4,22.7,14.7
1/5/2011,2011,5,19.5,10.7
1/6/2011,2011,6,18,10.3
1/7/2011,2011,7,17.4,8.6
1/8/2011,2011,8,19.8,10.7
1/9/2011,2011,9,21.7,12.5
1/10/2011,2011,10,22.2,14.4
1/11/2011,2011,11,25.2,17.8
1/12/2011,2011,12,23.1,16.7
1/1/2012,2012,1,26.1,19.6
1/2/2012,2012,2,25.8,19.2
1/3/2012,2012,3,24.7,17.8
1/4/2012,2012,4,23.6,15.5
1/5/2012,2012,5,20.9,11.2
1/6/2012,2012,6,17.7,9.7
1/7/2012,2012,7,17.6,8.9
1/8/2012,2012,8,19.9,9.4
1/9/2012,2012,9,22.5,12
1/10/2012,2012,10,23.3,13.8
1/11/2012,2012,11,24.1,16.8
1/12/2012,2012,12,26,18.6
1/1/2013,2013,1,27.6,20.5
1/2/2013,2013,2,26.2,19.5
1/3/2013,2013,3,26.4,18.9
1/4/2013,2013,4,24,14.9
1/5/2013,2013,5,21.3,11.9
1/6/2013,2013,6,18.1,10.8
1/7/2013,2013,7,19.5,9.8
1/8/2013,2013,8,21.1,10.5
1/9/2013,2013,9,24.4,13.8
1/10/2013,2013,10,25.7,15
1/11/2013,2013,11,24,16.4
1/12/2013,2013,12,26.4,18.6
1/1/2014,2014,1,26.9,19.8
1/2/2014,2014,2,26.2,19.9
1/3/2014,2014,3,26.4,19.2
1/4/2014,2014,4,23.8,15.9
1/5/2014,2014,5,23.2,13.1
1/6/2014,2014,6,19.6,11
1/7/2014,2014,7,19,8.9
1/8/2014,2014,8,18.3,9.6
1/9/2014,2014,9,21.9,12.3
1/10/2014,2014,10,24.7,15.1
1/11/2014,2014,11,25.8,17.9
1/12/2014,2014,12,25.8,19.1
1/1/2015,2015,1,27.5,20.4
1/2/2015,2015,2,27,20.4
1/3/2015,2015,3,26.8,18.3
1/4/2015,2015,4,22.7,15.3
1/5/2015,2015,5,20.7,12.5
1/6/2015,2015,6,18.6,10
1/7/2015,2015,7,17.4,8
1/8/2015,2015,8,19.4,9.7
1/9/2015,2015,9,20.7,11.9
1/10/2015,2015,10,24.9,16.9
1/11/2015,2015,11,26.2,17.7
1/12/2015,2015,12,26.1,18.3
1/1/2016,2016,1,27.4,19.5
1/2/2016,2016,2,28.2,20.6
1/3/2016,2016,3,26.8,19.7
1/4/2016,2016,4,24.7,16.9
1/5/2016,2016,5,22.9,13.3
1/6/2016,2016,6,19,11
1/7/2016,2016,7,18.5,10
1/8/2016,2016,8,19.1,9.8
1/9/2016,2016,9,21.4,13
1/10/2016,2016,10,23.9,14.3
1/11/2016,2016,11,26.1,17.3
1/12/2016,2016,12,28.1,20